Recipe,Link,Time (min),Ingredient,Calories (kcal),Total Fat (g),Saturated Fat (g),Trans Fat (g),Cholesterol (mg),Sodium (mg),Total Carbohydrate (g),Dietary Fiber (g),Sugars (g),Protein (g),Vitamin A (% DV),Vitamin C (% DV),Calcium (% DV),Iron (% DV)
Red Curry–Marinated Japanese Eggplant,https://www.bonappetit.com/recipe/red-curry-marinated-japanese-eggplant,0,"6 Fresno chiles, seeds removed from 3, chopped",3642.0,338.64,47.424,,0.0,6.0,107.34,55.800000000000004,,107.69999999999999,402.0,0.0,846.0,38.099999999999994
Red Curry–Marinated Japanese Eggplant,https://www.bonappetit.com/recipe/red-curry-marinated-japanese-eggplant,0,4 garlic cloves,1096.0,52.0,15.808,1.016,0.0,1108.0,262.12,135.6,9.52,23.88,640.0,0.8,2528.0,47.32
Red Curry–Marinated Japanese Eggplant,https://www.bonappetit.com/recipe/red-curry-marinated-japanese-eggplant,0,"2 lemongrass stalks, bottom third only, tough outer layers removed, finely grated",430.0,20.4,5.302,0.212,296.0,1522.0,4.26,0.0,0.0,57.54,64.0,0.0,80.0,1.92
Red Curry–Marinated Japanese Eggplant,https://www.bonappetit.com/recipe/red-curry-marinated-japanese-eggplant,0,⅓ cup vegetable oil,718.3333333333333,83.33333333333333,67.91666666666666,,0.0,0.0,0.0,0.0,0.0,0.0,0.0,0.0,0.0,0.0
Red Curry–Marinated Japanese Eggplant,https://www.bonappetit.com/recipe/red-curry-marinated-japanese-eggplant,0,1 tablespoon finely grated peeled ginger,12.0,0.11249999999999999,0.03045,0.0,0.0,1.95,2.6654999999999998,0.3,0.255,0.273,0.0,0.75,2.4,0.09
Red Curry–Marinated Japanese Eggplant,https://www.bonappetit.com/recipe/red-curry-marinated-japanese-eggplant,0,1 teaspoon ground cumin,18.75,1.1135,0.07675,,0.0,8.4,2.212,0.525,0.1125,0.8905,63.5,0.385,46.550000000000004,3.318
Red Curry–Marinated Japanese Eggplant,https://www.bonappetit.com/recipe/red-curry-marinated-japanese-eggplant,0,½ teaspoon sugar,8.85,0.005000000000000001,0.0009,,0.0,0.275,2.2725000000000004,0.0,2.12175,0.0025000000000000005,0.0,0.0,2.25,0.04025000000000001
Red Curry–Marinated Japanese Eggplant,https://www.bonappetit.com/recipe/red-curry-marinated-japanese-eggplant,0,"1 teaspoon kosher salt, plus more",0.0,0.0,0.0,0.0,0.0,1937.9,0.0,0.0,0.0,0.0,0.0,0.0,1.2000000000000002,0.0165
Red Curry–Marinated Japanese Eggplant,https://www.bonappetit.com/recipe/red-curry-marinated-japanese-eggplant,0,"4 Japanese eggplants, halved lengthwise",100.0,0.72,0.136,0.0,0.0,8.0,23.52,12.0,14.12,3.92,92.0,8.8,36.0,0.92
Red Curry Mussels,https://www.bonappetit.com/recipe/red-curry-mussels,0,1 13.5-oz. can coconut milk,89.88000000000001,2.436,1.5360800000000001,,9.520000000000001,35.56,15.232000000000001,0.0,15.232000000000001,2.2148000000000003,74.76,0.7280000000000001,79.52000000000001,0.053200000000000004
Red Curry Mussels,https://www.bonappetit.com/recipe/red-curry-mussels,0,1 cup canned crushed tomatoes,80.0,0.7000000000000001,0.1,0.0,0.0,465.0,18.225,4.75,11.0,4.1,537.5,23.0,85.0,3.25
Red Curry Mussels,https://www.bonappetit.com/recipe/red-curry-mussels,0,½ cup dry white wine,190.0,0.0,0.0,0.0,0.0,11.25,14.5875,0.0,1.3625,0.25,0.0,0.0,10.0,0.3
Red Curry Mussels,https://www.bonappetit.com/recipe/red-curry-mussels,0,1 tablespoon Thai red curry paste,15.149999999999999,0.252,0.07005,0.0,0.0,1.3499999999999999,3.6674999999999995,2.1,,0.834,712.65,24.014999999999997,60.75,2.6174999999999997
Red Curry Mussels,https://www.bonappetit.com/recipe/red-curry-mussels,0,"4 tablespoons chopped fresh basil, divided",13.799999999999999,0.384,0.0246,0.0,0.0,2.4,1.5899999999999999,0.96,0.18,1.89,3165.0,10.799999999999999,106.2,1.902
Red Curry Mussels,https://www.bonappetit.com/recipe/red-curry-mussels,0,"½ medium red onion, thinly sliced",13.5,0.235,0.0435,0.0,0.0,7.5,2.87,0.9,1.955,0.485,2000.0,6.7,26.0,0.255
Red Curry Mussels,https://www.bonappetit.com/recipe/red-curry-mussels,0,"1 carrot, peeled, julienned",41.0,0.24,0.037,0.0,0.0,69.0,9.58,2.8,4.74,0.93,16706.0,5.9,33.0,0.3
Red Curry Mussels,https://www.bonappetit.com/recipe/red-curry-mussels,0,"1 celery stalk, thinly sliced on a diagonal",16.0,0.17,0.042,0.0,0.0,80.0,2.97,1.6,1.34,0.69,449.0,3.1,40.0,0.2
Red Curry Mussels,https://www.bonappetit.com/recipe/red-curry-mussels,0,Kosher salt and freshly ground black pepper,251.0,3.26,1.392,0.0,0.0,20.0,63.95,25.3,0.64,10.39,547.0,0.0,443.0,9.71
Red Curry Mussels,https://www.bonappetit.com/recipe/red-curry-mussels,0,"2 pounds mussels, scrubbed, debearded",780.17824,20.320921600000002,3.8555319999999997,,254.01152,2594.54624,33.4750896,0.0,0.0,107.954896,1451.4944,72.57472,235.86784,35.833768
Red Curry Mussels,https://www.bonappetit.com/recipe/red-curry-mussels,0,2 tablespoons chopped fresh flat-leaf parsley,10.799999999999999,0.237,0.0396,0.0,0.0,16.8,1.899,0.9899999999999999,0.255,0.891,2527.2,39.9,41.4,1.8599999999999999
Red Curry Mussels,https://www.bonappetit.com/recipe/red-curry-mussels,0,Toasted country-style bread (for serving),284.0,3.6,0.688,,0.0,664.0,53.1,6.4,4.23,9.4,4.0,0.2,80.0,3.1
Red Curry Paste,https://www.bonappetit.com/recipe/red-curry-paste,0,1 tsp. black peppercorns,2.15,0.0245,0.0007000000000000001,0.0,0.0,0.05,0.4805,0.265,0.244,0.06949999999999999,10.700000000000001,1.05,1.4500000000000002,0.031
Red Curry Paste,https://www.bonappetit.com/recipe/red-curry-paste,0,1 tsp. coriander seeds,26.700000000000003,2.108,0.18315,,0.0,1.5,1.444,1.3650000000000002,0.07750000000000001,0.9145,0.0,0.03,12.75,0.28650000000000003
Red Curry Paste,https://www.bonappetit.com/recipe/red-curry-paste,0,"2 lemongrass stalks, trimmed, tough outer layers removed, thinly sliced crosswise",396.0,2.54,0.412,,0.0,32.0,85.06,2.2,,14.98,0.0,5.2,56.0,4.28
Red Curry Paste,https://www.bonappetit.com/recipe/red-curry-paste,0,3 Tbsp. finely chopped peeled galangal,,,,,,,,,,,,,,
Red Curry Paste,https://www.bonappetit.com/recipe/red-curry-paste,0,"¾ cup dried Thai chiles, torn or chopped into small pieces",607.5,10.893749999999999,1.5243749999999998,0.0,0.0,170.625,130.9875,53.8125,76.98750000000001,19.8375,49665.0,58.875,84.375,11.325
Red Curry Paste,https://www.bonappetit.com/recipe/red-curry-paste,0,"2 small Asian shallots or 1 medium shallot, coarsely chopped",144.0,0.2,0.034,0.0,0.0,24.0,33.6,6.4,15.74,5.0,8.0,16.0,74.0,2.4
Red Curry Paste,https://www.bonappetit.com/recipe/red-curry-paste,0,8 garlic cloves,2192.0,104.0,31.616,2.032,0.0,2216.0,524.24,271.2,19.04,47.76,1280.0,1.6,5056.0,94.64
Red Curry Paste,https://www.bonappetit.com/recipe/red-curry-paste,0,5 cilantro roots or 3 Tbsp. thinly sliced thick cilantro stems,115.0,2.6,0.07,0.0,0.0,230.0,18.35,14.0,4.35,10.649999999999999,33740.0,135.0,335.0,8.85
Red Curry Paste,https://www.bonappetit.com/recipe/red-curry-paste,0,1 1 piece dried kaffir lime zest or 2 very thinly sliced kaffir lime leaves (optional),60.0,0.4,0.044,0.0,0.0,4.0,21.08,5.6,3.38,1.4,100.0,58.2,66.0,1.2
Red Curry Paste,https://www.bonappetit.com/recipe/red-curry-paste,0,"1 tsp. (or more) shrimp paste, preferably Thai",5.0,0.068,0.0094,,12.600000000000001,43.5,0.0,0.0,0.0,1.0210000000000001,0.0,0.205,7.25,0.1065
Red Curry Paste,https://www.bonappetit.com/recipe/red-curry-paste,0,A large mortar and pestle,311.0,25.39,9.51,,56.0,1246.0,3.05,0.0,0.0,16.37,0.0,0.0,18.0,1.4
Red Curry Paste,https://www.bonappetit.com/recipe/red-curry-paste,0,Prik haeng chiles can be found at most Asian markets and will often be labeled as dried Thai chiles or just dried chiles. Prik chee fah chiles are much harder to source; the next best equivalent is Mexican puya chiles.,282.0,19.4,11.58,,62.0,776.0,3.41,0.0,0.56,24.69,586.0,0.0,1146.0,0.13
Red Curry Peanut Sauce,https://www.bonappetit.com/recipe/red-curry-peanut-sauce,0,2 tablespoons vegetable oil,258.59999999999997,30.0,24.45,,0.0,0.0,0.0,0.0,0.0,0.0,0.0,0.0,0.0,0.0
Red Curry Peanut Sauce,https://www.bonappetit.com/recipe/red-curry-peanut-sauce,0,1/3 cup minced green onions (about 3),22.499999999999996,0.3916666666666666,0.0725,0.0,0.0,12.499999999999998,4.783333333333333,1.5,3.2583333333333333,0.8083333333333332,3333.333333333333,11.166666666666666,43.33333333333333,0.425
Red Curry Peanut Sauce,https://www.bonappetit.com/recipe/red-curry-peanut-sauce,0,1 tablespoon minced peeled fresh ginger,39.449999999999996,3.102,1.07715,,10.5,186.75,0.276,0.0,0.0,2.442,0.0,0.0,1.5,0.1185
Red Curry Peanut Sauce,https://www.bonappetit.com/recipe/red-curry-peanut-sauce,0,"2 garlic cloves, minced",548.0,26.0,7.904,0.508,0.0,554.0,131.06,67.8,4.76,11.94,320.0,0.4,1264.0,23.66
Red Curry Peanut Sauce,https://www.bonappetit.com/recipe/red-curry-peanut-sauce,0,2 tablespoons Thai red curry paste,30.299999999999997,0.504,0.1401,0.0,0.0,2.6999999999999997,7.334999999999999,4.2,,1.668,1425.3,48.029999999999994,121.5,5.234999999999999
Red Curry Peanut Sauce,https://www.bonappetit.com/recipe/red-curry-peanut-sauce,0,3/4 cup smooth peanut butter,1344.375,152.08125,96.315,6.14625,403.125,1205.625,0.11249999999999999,0.0,0.11249999999999999,1.59375,4685.625,0.0,45.0,0.0375
Red Curry Peanut Sauce,https://www.bonappetit.com/recipe/red-curry-peanut-sauce,0,1 cup canned unsweetened coconut milk,802.5,21.75,13.715,,85.0,317.5,136.0,0.0,136.0,19.775,667.5,6.5,710.0,0.475
Red Curry Peanut Sauce,https://www.bonappetit.com/recipe/red-curry-peanut-sauce,0,1/2 cup (or more) low-salt chicken broth,247.5,5.875,1.5,,16.25,30000.0,29.375,0.0,0.0,18.25,2.5,1.25,237.5,2.3375000000000004
Red Curry Peanut Sauce,https://www.bonappetit.com/recipe/red-curry-peanut-sauce,0,1 tablespoon sugar,53.1,0.03,0.005399999999999999,,0.0,1.65,13.635,0.0,12.730500000000001,0.015,0.0,0.0,13.5,0.2415
Red Curry Peanut Sauce,https://www.bonappetit.com/recipe/red-curry-peanut-sauce,0,1 tablespoon soy sauce,35.55,2.73,,,,171.75,0.819,0.255,,1.92,,3.0599999999999996,3.0,0.141
Red Curry Peanut Sauce,https://www.bonappetit.com/recipe/red-curry-peanut-sauce,0,1/2 teaspoon freshly ground black pepper,6.275,0.0815,0.0348,0.0,0.0,0.5,1.5987500000000001,0.6325000000000001,0.016,0.25975000000000004,13.675,0.0,11.075000000000001,0.24275000000000002
Red Curry Peanut Sauce,https://www.bonappetit.com/recipe/red-curry-peanut-sauce,0,2 1/2 tablespoons fresh lime juice,9.375,0.026250000000000002,0.003,0.0,0.0,0.75,3.1574999999999998,0.15000000000000002,0.63375,0.1575,18.75,11.25,5.25,0.03375
Red Curry Peanut Sauce,https://www.bonappetit.com/recipe/red-curry-peanut-sauce,0,1/2 cup chopped fresh cilantro,28.75,0.65,0.0175,0.0,0.0,57.5,4.5875,3.5,1.0875,2.6624999999999996,8435.0,33.75,83.75,2.2125
Red Curry Shrimp,https://www.bonappetit.com/recipe/red-curry-shrimp,0,1 tablespoon red curry paste,15.149999999999999,0.252,0.07005,0.0,0.0,1.3499999999999999,3.6674999999999995,2.1,,0.834,712.65,24.014999999999997,60.75,2.6174999999999997
Red Curry Shrimp,https://www.bonappetit.com/recipe/red-curry-shrimp,0,1 13.5-ounce can unsweetend coconut milk,89.88000000000001,2.436,1.5360800000000001,,9.520000000000001,35.56,15.232000000000001,0.0,15.232000000000001,2.2148000000000003,74.76,0.7280000000000001,79.52000000000001,0.053200000000000004
Red Curry Shrimp,https://www.bonappetit.com/recipe/red-curry-shrimp,0,1 8-ounce bottle clam juice,24.080000000000002,0.26880000000000004,0.052360000000000004,0.004200000000000001,8.4,168.28000000000003,0.9996,0.0,0.0,4.107600000000001,84.00000000000001,0.0,10.920000000000002,0.45360000000000006
Red Curry Shrimp,https://www.bonappetit.com/recipe/red-curry-shrimp,0,"1 1/4 pounds uncooked large shrimp, peeled, deveined",566.99,7.711064,1.0659412,,1428.8148,4932.813,0.0,0.0,0.0,115.77935800000002,0.0,23.246589999999998,822.1355,12.076887
Red Curry Shrimp,https://www.bonappetit.com/recipe/red-curry-shrimp,0,1/3 cup chopped fresh cilantro,19.166666666666664,0.4333333333333333,0.011666666666666665,0.0,0.0,38.33333333333333,3.058333333333333,2.333333333333333,0.725,1.7749999999999997,5623.333333333333,22.499999999999996,55.83333333333333,1.4749999999999999
Red Curry Shrimp,https://www.bonappetit.com/recipe/red-curry-shrimp,0,"lime, cut into wedges",30.0,0.2,0.022,0.0,0.0,2.0,10.54,2.8,1.69,0.7,50.0,29.1,33.0,0.6
Red Harissa,https://www.bonappetit.com/recipe/red-harissa,0,3 large red bell peppers,93.0,0.8999999999999999,0.081,0.0,0.0,12.0,18.09,6.300000000000001,12.600000000000001,2.9699999999999998,9393.0,383.1,21.0,1.29
Red Harissa,https://www.bonappetit.com/recipe/red-harissa,0,2 1/2 tablespoons white wine vinegar,7.125,0.0,0.0,0.0,,3.0,0.10125,0.0,0.0,0.015,0.0,0.1875,2.25,0.16875
Red Harissa,https://www.bonappetit.com/recipe/red-harissa,0,"4 garlic cloves, crushed",1096.0,52.0,15.808,1.016,0.0,1108.0,262.12,135.6,9.52,23.88,640.0,0.8,2528.0,47.32
Red Harissa,https://www.bonappetit.com/recipe/red-harissa,0,"2 red jalapeños or Fresno chiles, stemmed, seeded, chopped",512.0,5.6,1.2,0.6,0.0,1036.0,96.8,13.2,6.2,0.02,0.0,0.0,142.0,5.6
Red Harissa,https://www.bonappetit.com/recipe/red-harissa,0,1 teaspoon ground cumin,18.75,1.1135,0.07675,,0.0,8.4,2.212,0.525,0.1125,0.8905,63.5,0.385,46.550000000000004,3.318
Red Harissa,https://www.bonappetit.com/recipe/red-harissa,0,1 teaspoon kosher salt plus more for seasoning,0.0,0.0,0.0,0.0,0.0,1937.9,0.0,0.0,0.0,0.0,0.0,0.0,1.2000000000000002,0.0165
Red Harissa,https://www.bonappetit.com/recipe/red-harissa,0,1/4 teaspoon freshly ground black pepper plus more for seasoning,3.1375,0.04075,0.0174,0.0,0.0,0.25,0.7993750000000001,0.31625000000000003,0.008,0.12987500000000002,6.8375,0.0,5.5375000000000005,0.12137500000000001
Red Harissa,https://www.bonappetit.com/recipe/red-harissa,0,1/4 cup extra-virgin olive oil,552.5,62.5,8.979375000000001,,0.0,0.0,0.0,0.0,0.0,0.0,0.0,0.0,0.0,0.08125
Red Lentil and Vegetable Soup with Chive Yogurt,https://www.bonappetit.com/recipe/red-lentil-and-vegetable-soup-with-chive-yogurt,0,1 tablespoon extra-virgin olive oil,132.6,15.0,2.15505,,0.0,0.0,0.0,0.0,0.0,0.0,0.0,0.0,0.0,0.0195
Red Lentil and Vegetable Soup with Chive Yogurt,https://www.bonappetit.com/recipe/red-lentil-and-vegetable-soup-with-chive-yogurt,0,1/2 cup finely chopped red onion,33.75,0.5874999999999999,0.10874999999999999,0.0,0.0,18.75,7.175000000000001,2.25,4.8875,1.2125,5000.0,16.75,65.0,0.6375
Red Lentil and Vegetable Soup with Chive Yogurt,https://www.bonappetit.com/recipe/red-lentil-and-vegetable-soup-with-chive-yogurt,0,"3 garlic cloves, minced",822.0,39.0,11.856,0.762,0.0,831.0,196.59,101.69999999999999,7.14,17.91,480.0,0.6000000000000001,1896.0,35.49
Red Lentil and Vegetable Soup with Chive Yogurt,https://www.bonappetit.com/recipe/red-lentil-and-vegetable-soup-with-chive-yogurt,0,2 tablespoons finely minced peeled ginger,78.89999999999999,6.204,2.1543,,21.0,373.5,0.552,0.0,0.0,4.884,0.0,0.0,3.0,0.237
Red Lentil and Vegetable Soup with Chive Yogurt,https://www.bonappetit.com/recipe/red-lentil-and-vegetable-soup-with-chive-yogurt,0,8 cups low-salt chicken broth or water,0.0,0.0,0.0,0.0,0.0,40.0,0.0,0.0,0.0,0.0,0.0,0.0,200.0,0.0
Red Lentil and Vegetable Soup with Chive Yogurt,https://www.bonappetit.com/recipe/red-lentil-and-vegetable-soup-with-chive-yogurt,0,"1 russet potato, cut into 1/2-inch pieces",79.0,0.08,0.026,0.0,0.0,5.0,18.07,1.3,0.62,2.14,1.0,5.7,13.0,0.86
Red Lentil and Vegetable Soup with Chive Yogurt,https://www.bonappetit.com/recipe/red-lentil-and-vegetable-soup-with-chive-yogurt,0,"2 cups red lentils, rinsed well",1790.0,10.85,1.895,0.0,0.0,35.0,315.5,54.0,,119.55,290.0,8.5,240.0,36.949999999999996
Red Lentil and Vegetable Soup with Chive Yogurt,https://www.bonappetit.com/recipe/red-lentil-and-vegetable-soup-with-chive-yogurt,0,"2 carrots, peeled, cut into 1/2-inch pieces",82.0,0.48,0.074,0.0,0.0,138.0,19.16,5.6,9.48,1.86,33412.0,11.8,66.0,0.6
Red Lentil and Vegetable Soup with Chive Yogurt,https://www.bonappetit.com/recipe/red-lentil-and-vegetable-soup-with-chive-yogurt,0,2 cups (packed) spinach leaves,115.0,1.9500000000000002,0.315,0.0,0.0,395.0,18.15,11.0,2.1,14.299999999999999,46885.0,140.5,495.0,13.55
Red Lentil and Vegetable Soup with Chive Yogurt,https://www.bonappetit.com/recipe/red-lentil-and-vegetable-soup-with-chive-yogurt,0,Kosher salt and freshly ground black pepper,251.0,3.26,1.392,0.0,0.0,20.0,63.95,25.3,0.64,10.39,547.0,0.0,443.0,9.71
Red Lentil and Vegetable Soup with Chive Yogurt,https://www.bonappetit.com/recipe/red-lentil-and-vegetable-soup-with-chive-yogurt,0,1/2 cup nonfat Greek-style yogurt,73.75,0.48750000000000004,0.14625000000000002,0.0075,6.25,45.0,4.5,0.0,4.050000000000001,12.737499999999999,5.0,0.0,137.5,0.08750000000000001
Red Lentil and Vegetable Soup with Chive Yogurt,https://www.bonappetit.com/recipe/red-lentil-and-vegetable-soup-with-chive-yogurt,0,1 tablespoon finely chopped fresh chives,4.5,0.1095,0.0219,0.0,0.0,0.44999999999999996,0.6525,0.375,0.2775,0.4905,652.9499999999999,8.715,13.799999999999999,0.24
Red Onion Marmalade with Chestnuts,https://www.bonappetit.com/recipe/red-onion-marmalade-with-chestnuts,0,4 tablespoons olive oil,530.4,60.0,8.6202,,0.0,0.0,0.0,0.0,0.0,0.0,0.0,0.0,0.0,0.078
Red Onion Marmalade with Chestnuts,https://www.bonappetit.com/recipe/red-onion-marmalade-with-chestnuts,0,6 cups thinly sliced red onions (about 4 medium),405.0,7.05,1.305,0.0,0.0,225.0,86.10000000000001,27.0,58.650000000000006,14.549999999999999,60000.0,201.0,780.0,7.65
Red Onion Marmalade with Chestnuts,https://www.bonappetit.com/recipe/red-onion-marmalade-with-chestnuts,0,1 teaspoon salt,0.0,0.0,0.0,0.0,0.0,1937.9,0.0,0.0,0.0,0.0,0.0,0.0,1.2000000000000002,0.0165
Red Onion Marmalade with Chestnuts,https://www.bonappetit.com/recipe/red-onion-marmalade-with-chestnuts,0,1 cup tawny Port,617.5,49.675000000000004,17.0975,,147.5,2267.5,1.825,0.0,0.0,38.25,0.0,0.0,27.5,1.925
Red Onion Marmalade with Chestnuts,https://www.bonappetit.com/recipe/red-onion-marmalade-with-chestnuts,0,1/4 cup chopped pitted prunes (dried plums),28.75,0.17500000000000002,0.010625,0.0,0.0,0.0,7.1375,0.875,6.2,0.4375,215.625,5.9375,3.75,0.10625000000000001
Red Onion Marmalade with Chestnuts,https://www.bonappetit.com/recipe/red-onion-marmalade-with-chestnuts,0,2 tablespoons red wine vinegar,5.7,0.0,0.0,0.0,,2.4,0.081,0.0,0.0,0.012,0.0,0.15,1.7999999999999998,0.135
Red Onion Marmalade with Chestnuts,https://www.bonappetit.com/recipe/red-onion-marmalade-with-chestnuts,0,2 teaspoons chopped fresh thyme,10.100000000000001,0.168,0.046700000000000005,0.0,0.0,0.9,2.4450000000000003,1.4000000000000001,,0.5559999999999999,475.1,16.01,40.5,1.745
Red Onion Marmalade with Chestnuts,https://www.bonappetit.com/recipe/red-onion-marmalade-with-chestnuts,0,12 peeled roasted chestnuts from jar,2412.0,9.600000000000001,1.416,,0.0,228.0,541.5600000000001,,,35.64,888.0,336.0,420.0,25.200000000000003
Red Onion Marmalade with Chestnuts,https://www.bonappetit.com/recipe/red-onion-marmalade-with-chestnuts,0,* halved,112.0,0.14,0.029,0.0,0.0,12.0,27.23,0.4,0.39,0.38,66.0,4.0,16.0,0.88
Red Pepper Falafel,https://www.bonappetit.com/recipe/red-pepper-falafel,0,"8 ounces dried chickpeas, soaked overnight, drained",311.36,6.2048000000000005,0.47936000000000006,0.0,0.0,551.0400000000001,50.467200000000005,14.336000000000002,8.9824,15.792000000000002,51.52,0.22400000000000003,100.80000000000001,2.3968000000000003
Red Pepper Falafel,https://www.bonappetit.com/recipe/red-pepper-falafel,0,"½ onion, coarsely chopped",20.0,0.05,0.021,0.0,0.0,2.0,4.67,0.85,2.12,0.55,1.0,3.7,11.5,0.105
Red Pepper Falafel,https://www.bonappetit.com/recipe/red-pepper-falafel,0,"½ small red bell pepper, coarsely chopped",15.5,0.15,0.0135,0.0,0.0,2.0,3.015,1.05,2.1,0.495,1565.5,63.85,3.5,0.215
Red Pepper Falafel,https://www.bonappetit.com/recipe/red-pepper-falafel,0,"1 garlic clove, crushed",149.0,0.5,0.089,0.0,0.0,17.0,33.06,2.1,1.0,6.36,9.0,31.2,181.0,1.7
Red Pepper Falafel,https://www.bonappetit.com/recipe/red-pepper-falafel,0,3 tablespoons chickpea flour,174.15,3.0105000000000004,0.31184999999999996,0.0,0.0,28.8,26.019000000000002,4.86,4.8825,10.0755,18.45,0.0,20.25,2.1870000000000003
Red Pepper Falafel,https://www.bonappetit.com/recipe/red-pepper-falafel,0,1 tablespoon ground cumin,56.25,3.3405,0.23024999999999998,,0.0,25.2,6.636,1.575,0.33749999999999997,2.6714999999999995,190.5,1.155,139.65,9.953999999999999
Red Pepper Falafel,https://www.bonappetit.com/recipe/red-pepper-falafel,0,2½ teaspoons kosher salt,0.0,0.0,0.0,0.0,0.0,4844.75,0.0,0.0,0.0,0.0,0.0,0.0,3.0,0.04125
Red Pepper Falafel,https://www.bonappetit.com/recipe/red-pepper-falafel,0,2 teaspoons ground coriander,13.4,0.403,0.10220000000000001,,6.9,5.6000000000000005,0.0,0.0,0.0,2.277,0.0,0.0,0.7000000000000001,0.40199999999999997
Red Pepper Falafel,https://www.bonappetit.com/recipe/red-pepper-falafel,0,1 teaspoon smoked paprika,14.100000000000001,0.6445000000000001,0.10700000000000001,0.0,0.0,3.4000000000000004,2.6995000000000005,1.745,0.517,0.7070000000000001,2462.7000000000003,0.045000000000000005,11.450000000000001,1.0570000000000002
Red Pepper Falafel,https://www.bonappetit.com/recipe/red-pepper-falafel,0,1 teaspoon Hungarian sweet paprika,14.100000000000001,0.6445000000000001,0.10700000000000001,0.0,0.0,3.4000000000000004,2.6995000000000005,1.745,0.517,0.7070000000000001,2462.7000000000003,0.045000000000000005,11.450000000000001,1.0570000000000002
Red Pepper Falafel,https://www.bonappetit.com/recipe/red-pepper-falafel,0,1 teaspoon baking powder,4.8500000000000005,0.020000000000000004,0.00365,,0.0,4.5,2.345,0.11000000000000001,0.0,0.005000000000000001,0.0,0.0,216.60000000000002,0.40850000000000003
Red Pepper Falafel,https://www.bonappetit.com/recipe/red-pepper-falafel,0,Vegetable oil (for frying; about 8 cups),862.0,100.0,81.5,,0.0,0.0,0.0,0.0,0.0,0.0,0.0,0.0,0.0,0.0
Red Pepper Falafel,https://www.bonappetit.com/recipe/red-pepper-falafel,0,Shredded Cabbage Salad with Pomegranate and Tomatoes,18.0,0.11,0.015,0.0,0.0,247.0,4.01,0.7,2.49,0.95,489.0,22.8,11.0,0.68
Red Pepper Falafel,https://www.bonappetit.com/recipe/red-pepper-falafel,0,Spiced Green Tahini Sauce,25.0,0.0,0.0,,0.0,625.0,6.25,,6.25,0.0,,,,
Red Pepper Falafel,https://www.bonappetit.com/recipe/red-pepper-falafel,0,Warm thick pita with pockets (for serving),11.0,0.2,0.016,0.0,0.0,343.0,2.45,1.0,1.18,0.4,0.0,10.5,18.0,0.38
Red Pepper Falafel,https://www.bonappetit.com/recipe/red-pepper-falafel,0,A deep-fry thermometer,,,,,,,,,,,,,,
Red Pepper–Walnut Relish,https://www.bonappetit.com/recipe/red-pepper-walnut-relish,0,¼ cup walnuts,312.5,22.31875,2.231875,0.0,0.0,278.75,29.743750000000002,2.25,20.0875,5.175,0.0,0.0,44.375,0.80625
Red Pepper–Walnut Relish,https://www.bonappetit.com/recipe/red-pepper-walnut-relish,0,2 red bell peppers (about 1 lb.),62.0,0.6,0.054,0.0,0.0,8.0,12.06,4.2,8.4,1.98,6262.0,255.4,14.0,0.86
Red Pepper–Walnut Relish,https://www.bonappetit.com/recipe/red-pepper-walnut-relish,0,"1 clove garlic, grated",149.0,0.5,0.089,0.0,0.0,17.0,33.06,2.1,1.0,6.36,9.0,31.2,181.0,1.7
Red Pepper–Walnut Relish,https://www.bonappetit.com/recipe/red-pepper-walnut-relish,0,1 tablespoon finely chopped fresh mint,6.6,0.1095,0.02865,0.0,0.0,4.5,1.2615,1.02,,0.4935,608.1,1.995,29.849999999999998,1.7804999999999997
Red Pepper–Walnut Relish,https://www.bonappetit.com/recipe/red-pepper-walnut-relish,0,1 tablespoon olive oil,132.6,15.0,2.15505,,0.0,0.0,0.0,0.0,0.0,0.0,0.0,0.0,0.0,0.0195
Red Pepper–Walnut Relish,https://www.bonappetit.com/recipe/red-pepper-walnut-relish,0,1 teaspoon (or more) Aleppo pepper or ½ hot smoked Spanish paprika,14.05,0.41,0.041,0.0,0.0,2.15,2.571,1.08,,0.593,1021.9000000000001,0.1,3.0500000000000003,0.5465
Red Pepper–Walnut Relish,https://www.bonappetit.com/recipe/red-pepper-walnut-relish,0,½ teaspoon (or more) fresh lemon juice,0.55,0.006,0.001,0.0,0.0,0.025,0.17250000000000001,0.0075,0.063,0.008749999999999999,0.15000000000000002,0.9675000000000001,0.15000000000000002,0.002
Red Pepper–Walnut Relish,https://www.bonappetit.com/recipe/red-pepper-walnut-relish,0,½ teaspoon pomegranate molasses or balsamic vinegar,7.25,0.0025000000000000005,0.00045,,0.0,0.925,1.8682500000000002,0.0,1.868,0.0,0.0,0.0,5.125,0.118
Red Pepper–Walnut Relish,https://www.bonappetit.com/recipe/red-pepper-walnut-relish,0,Kosher salt and freshly ground black pepper,251.0,3.26,1.392,0.0,0.0,20.0,63.95,25.3,0.64,10.39,547.0,0.0,443.0,9.71
Red Posole with Pork,https://www.bonappetit.com/recipe/red-posole-with-pork,0,3 pounds pork shoulder (Boston butt),1796.2243199999998,77.7003096,27.18830448,0.5170948799999999,816.4656,884.5043999999999,0.0,0.0,0.0,254.87334479999998,0.0,0.0,190.50863999999999,16.329311999999998
Red Posole with Pork,https://www.bonappetit.com/recipe/red-posole-with-pork,0,"1 large white onion, halved through root end, plus chopped for serving",22.0,0.34,0.05,0.0,0.0,5.0,3.26,1.0,1.98,3.09,0.0,2.1,3.0,0.5
Red Posole with Pork,https://www.bonappetit.com/recipe/red-posole-with-pork,0,"2 heads of garlic, halved crosswise",298.0,1.0,0.178,0.0,0.0,34.0,66.12,4.2,2.0,12.72,18.0,62.4,362.0,3.4
Red Posole with Pork,https://www.bonappetit.com/recipe/red-posole-with-pork,0,1 bay leaf,313.0,8.36,2.28,0.0,0.0,23.0,74.97,26.3,,7.61,6185.0,46.5,834.0,43.0
Red Posole with Pork,https://www.bonappetit.com/recipe/red-posole-with-pork,0,3 whole cloves,822.0,39.0,11.856,0.762,0.0,831.0,196.59,101.69999999999999,7.14,17.91,480.0,0.6000000000000001,1896.0,35.49
Red Posole with Pork,https://www.bonappetit.com/recipe/red-posole-with-pork,0,"10 guajillo chiles, ribs and seeds removed",6070.0,564.4,79.03999999999999,,0.0,10.0,178.9,93.0,,179.5,670.0,0.0,1410.0,63.5
Red Posole with Pork,https://www.bonappetit.com/recipe/red-posole-with-pork,0,"6 dried chiles de árbol, ribs and seeds removed",2916.0,184.44,19.98,0.8400000000000001,0.0,96.0,252.71999999999997,206.39999999999998,,99.24,324.0,9.600000000000001,3786.0,46.32
Red Posole with Pork,https://www.bonappetit.com/recipe/red-posole-with-pork,0,Kosher salt,0.0,0.0,0.0,0.0,0.0,38758.0,0.0,0.0,0.0,0.0,0.0,0.0,24.0,0.33
Red Posole with Pork,https://www.bonappetit.com/recipe/red-posole-with-pork,0,"3 15-ounce cans white hominy, rinsed",60.48,0.7392,0.10332,,0.0,289.8,11.978399999999999,2.1,1.5288,1.2431999999999999,0.84,0.0,8.4,0.5207999999999999
Red Posole with Pork,https://www.bonappetit.com/recipe/red-posole-with-pork,0,"Thinly sliced cabbage, thinly sliced radishes, dried oregano, and lime wedges (for serving)",271.0,0.72,0.218,0.0,0.0,278.0,63.37,23.9,37.32,7.9,0.0,0.0,629.0,6.73
Red Potato and Shishito Pepper Hash,https://www.bonappetit.com/recipe/red-potato-and-shishito-pepper-hash,0,"1½ pounds small red potatoes, scrubbed",721.21128,34.087438799999994,17.90781216,0.87089664,88.45043999999999,2027.55624,90.42356519999998,12.927371999999998,11.9748288,13.403643599999999,1394.7954,0.680388,231.33191999999997,1.8370476
Red Potato and Shishito Pepper Hash,https://www.bonappetit.com/recipe/red-potato-and-shishito-pepper-hash,0,"1 garlic clove, finely grated",149.0,0.5,0.089,0.0,0.0,17.0,33.06,2.1,1.0,6.36,9.0,31.2,181.0,1.7
Red Potato and Shishito Pepper Hash,https://www.bonappetit.com/recipe/red-potato-and-shishito-pepper-hash,0,½ cup mayonnaise,297.5,27.775,4.3075,0.07,20.0,1033.75,11.537500000000001,0.0,4.45,0.4625,87.5,0.0,7.5,0.17500000000000002
Red Potato and Shishito Pepper Hash,https://www.bonappetit.com/recipe/red-potato-and-shishito-pepper-hash,0,1½ teaspoons Sriracha,6.975,0.06975,,,,159.29999999999998,1.437,0.165,1.1332499999999999,0.14475,193.04999999999998,2.0174999999999996,1.3499999999999999,0.12299999999999998
Red Potato and Shishito Pepper Hash,https://www.bonappetit.com/recipe/red-potato-and-shishito-pepper-hash,0,1 teaspoon fresh lemon juice,1.1,0.012,0.002,0.0,0.0,0.05,0.34500000000000003,0.015,0.126,0.017499999999999998,0.30000000000000004,1.9350000000000003,0.30000000000000004,0.004
Red Potato and Shishito Pepper Hash,https://www.bonappetit.com/recipe/red-potato-and-shishito-pepper-hash,0,Kosher salt,0.0,0.0,0.0,0.0,0.0,38758.0,0.0,0.0,0.0,0.0,0.0,0.0,24.0,0.33
Red Potato and Shishito Pepper Hash,https://www.bonappetit.com/recipe/red-potato-and-shishito-pepper-hash,0,⅓ cup vegetable oil,718.3333333333333,83.33333333333333,67.91666666666666,,0.0,0.0,0.0,0.0,0.0,0.0,0.0,0.0,0.0,0.0
Red Potato and Shishito Pepper Hash,https://www.bonappetit.com/recipe/red-potato-and-shishito-pepper-hash,0,15 shishito peppers,405.0,6.75,0.72,0.0,0.0,195.0,80.25,51.0,29.25,24.9,5100.0,1240.5,210.0,6.9
Red Potato and Shishito Pepper Hash,https://www.bonappetit.com/recipe/red-potato-and-shishito-pepper-hash,0,¼ cup crumbled queso fresco,186.875,14.8875,8.0875,0.52125,43.125,469.375,1.8625,0.0,1.45,11.30625,503.75,0.0,353.75,0.125
Red Potato and Shishito Pepper Hash,https://www.bonappetit.com/recipe/red-potato-and-shishito-pepper-hash,0,"2 scallions, thinly sliced",64.0,0.38,0.064,0.0,0.0,32.0,14.68,5.2,4.66,3.66,1994.0,37.6,144.0,2.96
Red Quinoa with Parsley and Toasted Pine Nuts,https://www.bonappetit.com/recipe/red-quinoa-parsley-toasted-pine-nuts,0,"2 tablespoons olive oil, plus more for drizzling",265.2,30.0,4.3101,,0.0,0.0,0.0,0.0,0.0,0.0,0.0,0.0,0.0,0.039
Red Quinoa with Parsley and Toasted Pine Nuts,https://www.bonappetit.com/recipe/red-quinoa-parsley-toasted-pine-nuts,0,"1 yellow onion, finely chopped",132.0,10.8,1.477,0.0,,12.0,7.86,1.7,,0.95,,1.8,20.0,0.27
Red Quinoa with Parsley and Toasted Pine Nuts,https://www.bonappetit.com/recipe/red-quinoa-parsley-toasted-pine-nuts,0,Kosher salt,0.0,0.0,0.0,0.0,0.0,38758.0,0.0,0.0,0.0,0.0,0.0,0.0,24.0,0.33
Red Quinoa with Parsley and Toasted Pine Nuts,https://www.bonappetit.com/recipe/red-quinoa-parsley-toasted-pine-nuts,0,¾ teaspoon ground turmeric,11.7,0.121875,0.068925,0.0021,0.0,1.0125,2.51775,0.85125,0.120375,0.363,0.0,0.02625,6.3,2.0625
Red Quinoa with Parsley and Toasted Pine Nuts,https://www.bonappetit.com/recipe/red-quinoa-parsley-toasted-pine-nuts,0,"Pinch of red pepper flakes, preferably Marash or Aleppo",70.0,0.94,0.246,0.0,0.0,31.0,14.89,8.0,,3.75,4248.0,31.8,243.0,5.08
Red Quinoa with Parsley and Toasted Pine Nuts,https://www.bonappetit.com/recipe/red-quinoa-parsley-toasted-pine-nuts,0,"1¼ cups red quinoa, rinsed",475.0,6.468749999999999,0.475,0.01875,0.0,12.5,97.21875,10.3125,0.9375,10.09375,34.375,0.0,21.875,2.25
Red Quinoa with Parsley and Toasted Pine Nuts,https://www.bonappetit.com/recipe/red-quinoa-parsley-toasted-pine-nuts,0,½ cup chopped fresh parsley,45.0,0.9875,0.165,0.0,0.0,70.0,7.9125,4.125,1.0625,3.7125000000000004,10530.0,166.25,172.5,7.75
Red Quinoa with Parsley and Toasted Pine Nuts,https://www.bonappetit.com/recipe/red-quinoa-parsley-toasted-pine-nuts,0,¼ cup toasted pine nuts,431.875,44.98125,3.8625,,0.0,0.0,8.6625,6.0,2.48125,5.73125,35.0,0.6875,43.75,1.5812499999999998
Red Quinoa Salad with Cauliflower and Walnuts,https://www.bonappetit.com/recipe/red-quinoa-salad-with-cauliflower-and-walnuts,0,1/2 cup red or white quinoa,451.25,2.0749999999999997,0.305,,0.0,2.5,90.6625,3.0,0.3875,14.975000000000001,2.5,0.0,18.75,5.5125
Red Quinoa Salad with Cauliflower and Walnuts,https://www.bonappetit.com/recipe/red-quinoa-salad-with-cauliflower-and-walnuts,0,"1/2 head of cauliflower, coarsely grated",49.5,0.145,,0.0,0.0,11.0,10.115,,,2.665,0.0,0.55,5.0,1.285
Red Quinoa Salad with Cauliflower and Walnuts,https://www.bonappetit.com/recipe/red-quinoa-salad-with-cauliflower-and-walnuts,0,1/2 cup finely chopped parsley plus some picked leaves for garnish,45.0,0.9875,0.165,0.0,0.0,70.0,7.9125,4.125,1.0625,3.7125000000000004,10530.0,166.25,172.5,7.75
Red Quinoa Salad with Cauliflower and Walnuts,https://www.bonappetit.com/recipe/red-quinoa-salad-with-cauliflower-and-walnuts,0,1/2 cup roughly chopped pitted kalamata olives,143.75,13.35,1.76875,0.0,0.0,918.75,7.824999999999999,4.0,0.0,1.05,503.75,1.125,110.0,4.125
Red Quinoa Salad with Cauliflower and Walnuts,https://www.bonappetit.com/recipe/red-quinoa-salad-with-cauliflower-and-walnuts,0,1/3 cup olive oil,736.6666666666666,83.33333333333333,11.9725,,0.0,0.0,0.0,0.0,0.0,0.0,0.0,0.0,0.0,0.10833333333333332
Red Quinoa Salad with Cauliflower and Walnuts,https://www.bonappetit.com/recipe/red-quinoa-salad-with-cauliflower-and-walnuts,0,1/3 cup toasted chopped walnuts,416.66666666666663,29.758333333333333,2.975833333333333,0.0,0.0,371.66666666666663,39.65833333333333,3.0,26.78333333333333,6.899999999999999,0.0,0.0,59.166666666666664,1.075
Red Quinoa Salad with Cauliflower and Walnuts,https://www.bonappetit.com/recipe/red-quinoa-salad-with-cauliflower-and-walnuts,0,"2 tablespoons lemon juice, plus more",6.6,0.072,0.012,0.0,0.0,0.3,2.07,0.09,0.756,0.105,1.7999999999999998,11.610000000000001,1.7999999999999998,0.024
Red Quinoa Salad with Cauliflower and Walnuts,https://www.bonappetit.com/recipe/red-quinoa-salad-with-cauliflower-and-walnuts,0,1 teaspoon lemon zest,2.35,0.015,0.0019500000000000001,0.0,0.0,0.30000000000000004,0.8,0.53,0.20850000000000002,0.07500000000000001,2.5,6.45,6.7,0.04000000000000001
Red Quinoa Salad with Cauliflower and Walnuts,https://www.bonappetit.com/recipe/red-quinoa-salad-with-cauliflower-and-walnuts,0,1/2 teaspoon ground cumin,9.375,0.55675,0.038375,,0.0,4.2,1.106,0.2625,0.05625,0.44525,31.75,0.1925,23.275000000000002,1.659
Red Quinoa Salad with Cauliflower and Walnuts,https://www.bonappetit.com/recipe/red-quinoa-salad-with-cauliflower-and-walnuts,0,Kosher salt and freshly ground black pepper,251.0,3.26,1.392,0.0,0.0,20.0,63.95,25.3,0.64,10.39,547.0,0.0,443.0,9.71
"Red Quinoa, Shaved Fennel, and Radish Salad with Citrus Dressing",https://www.bonappetit.com/recipe/red-quinoa-shaved-fennel-and-radish-salad-with-citrus-dressing,0,"1 cup red or white quinoa, well rinsed in a fine-mesh strainer",902.5,4.1499999999999995,0.61,,0.0,5.0,181.325,6.0,0.775,29.950000000000003,5.0,0.0,37.5,11.025
"Red Quinoa, Shaved Fennel, and Radish Salad with Citrus Dressing",https://www.bonappetit.com/recipe/red-quinoa-shaved-fennel-and-radish-salad-with-citrus-dressing,0,1/2 cup pecans,863.75,89.9625,7.725,,0.0,0.0,17.325,12.0,4.9625,11.4625,70.0,1.375,87.5,3.1624999999999996
"Red Quinoa, Shaved Fennel, and Radish Salad with Citrus Dressing",https://www.bonappetit.com/recipe/red-quinoa-shaved-fennel-and-radish-salad-with-citrus-dressing,0,1 orange,144.0,2.0,1.16,,1.0,46.0,30.4,1.3,24.32,1.1,46.0,2.3,54.0,0.14
"Red Quinoa, Shaved Fennel, and Radish Salad with Citrus Dressing",https://www.bonappetit.com/recipe/red-quinoa-shaved-fennel-and-radish-salad-with-citrus-dressing,0,"1 small shallot, thinly sliced",72.0,0.1,0.017,0.0,0.0,12.0,16.8,3.2,7.87,2.5,4.0,8.0,37.0,1.2
"Red Quinoa, Shaved Fennel, and Radish Salad with Citrus Dressing",https://www.bonappetit.com/recipe/red-quinoa-shaved-fennel-and-radish-salad-with-citrus-dressing,0,"1 1/2-inch piece ginger, grated",80.0,0.75,0.203,0.0,0.0,13.0,17.77,2.0,1.7,1.82,0.0,5.0,16.0,0.6
"Red Quinoa, Shaved Fennel, and Radish Salad with Citrus Dressing",https://www.bonappetit.com/recipe/red-quinoa-shaved-fennel-and-radish-salad-with-citrus-dressing,0,1/4 cup olive oil,552.5,62.5,8.979375000000001,,0.0,0.0,0.0,0.0,0.0,0.0,0.0,0.0,0.0,0.08125
"Red Quinoa, Shaved Fennel, and Radish Salad with Citrus Dressing",https://www.bonappetit.com/recipe/red-quinoa-shaved-fennel-and-radish-salad-with-citrus-dressing,0,"1 large fennel bulb, thinly sliced",31.0,0.2,0.09,0.0,0.0,52.0,7.3,3.1,3.93,1.24,963.0,12.0,49.0,0.73
"Red Quinoa, Shaved Fennel, and Radish Salad with Citrus Dressing",https://www.bonappetit.com/recipe/red-quinoa-shaved-fennel-and-radish-salad-with-citrus-dressing,0,"1 bunch radishes, trimmed, scrubbed, and thinly sliced",16.0,0.1,0.032,0.0,0.0,39.0,3.4,1.6,1.86,0.68,7.0,14.8,25.0,0.34
"Red Quinoa, Shaved Fennel, and Radish Salad with Citrus Dressing",https://www.bonappetit.com/recipe/red-quinoa-shaved-fennel-and-radish-salad-with-citrus-dressing,0,"Kosher salt, freshly ground pepper",0.0,0.0,0.0,0.0,0.0,38758.0,0.0,0.0,0.0,0.0,0.0,0.0,24.0,0.33
Red Quinoa with Pistachios,https://www.bonappetit.com/recipe/red-quinoa-with-pistachios,0,1 tablespoon olive oil,132.6,15.0,2.15505,,0.0,0.0,0.0,0.0,0.0,0.0,0.0,0.0,0.0,0.0195
Red Quinoa with Pistachios,https://www.bonappetit.com/recipe/red-quinoa-with-pistachios,0,"1 shallot, finely chopped",72.0,0.1,0.017,0.0,0.0,12.0,16.8,3.2,7.87,2.5,4.0,8.0,37.0,1.2
Red Quinoa with Pistachios,https://www.bonappetit.com/recipe/red-quinoa-with-pistachios,0,Kosher salt and freshly ground black pepper,251.0,3.26,1.392,0.0,0.0,20.0,63.95,25.3,0.64,10.39,547.0,0.0,443.0,9.71
Red Quinoa with Pistachios,https://www.bonappetit.com/recipe/red-quinoa-with-pistachios,0,"1 cup quinoa, preferably red, rinsed well in a fine-mesh sieve",380.0,5.175,0.38,0.015,0.0,10.0,77.775,8.25,0.75,8.075,27.5,0.0,17.5,1.7999999999999998
Red Quinoa with Pistachios,https://www.bonappetit.com/recipe/red-quinoa-with-pistachios,0,1 1/2 cups low-sodium chicken broth or water,0.0,0.0,0.0,0.0,0.0,7.5,0.0,0.0,0.0,0.0,0.0,0.0,37.5,0.0
Red Quinoa with Pistachios,https://www.bonappetit.com/recipe/red-quinoa-with-pistachios,0,"1/4 cup unsalted, shelled raw pistachios, chopped",350.0,28.325,3.691875,0.0,0.0,0.625,16.981250000000003,6.625,4.7875,12.6,322.5,3.5,65.625,2.45
Red Quinoa with Pistachios,https://www.bonappetit.com/recipe/red-quinoa-with-pistachios,0,3 tablespoons chopped flat-leaf parsley,16.2,0.35550000000000004,0.0594,0.0,0.0,25.2,2.8485,1.4849999999999999,0.3825,1.3365,3790.8,59.85,62.1,2.79
Red Quinoa with Pistachios,https://www.bonappetit.com/recipe/red-quinoa-with-pistachios,0,1 tablespoon chopped fresh mint,6.6,0.1095,0.02865,0.0,0.0,4.5,1.2615,1.02,,0.4935,608.1,1.995,29.849999999999998,1.7804999999999997
"Red Rice Congee with Chicken, Kimchi, and Mushrooms",https://www.bonappetit.com/recipe/red-rice-congee-with-chicken-kimchi-and-mushrooms,0,1 cup red rice,902.5,4.1499999999999995,0.61,,0.0,5.0,181.325,6.0,0.775,29.950000000000003,5.0,0.0,37.5,2.25
"Red Rice Congee with Chicken, Kimchi, and Mushrooms",https://www.bonappetit.com/recipe/red-rice-congee-with-chicken-kimchi-and-mushrooms,0,"5½ cups homemade chicken stock or low-sodium chicken broth, divided",2722.5,64.625,16.5,,178.75,330000.0,323.125,0.0,0.0,200.75,27.5,13.75,2612.5,25.712500000000002
"Red Rice Congee with Chicken, Kimchi, and Mushrooms",https://www.bonappetit.com/recipe/red-rice-congee-with-chicken-kimchi-and-mushrooms,0,Kosher salt and freshly ground pepper,0.0,0.0,0.0,0.0,0.0,38758.0,0.0,0.0,0.0,0.0,0.0,0.0,24.0,0.33
"Red Rice Congee with Chicken, Kimchi, and Mushrooms",https://www.bonappetit.com/recipe/red-rice-congee-with-chicken-kimchi-and-mushrooms,0,"5 skinless, boneless chicken thighs (1¼ lb.)",600.0,13.100000000000001,2.8149999999999995,0.035,365.0,225.0,0.0,0.0,0.0,112.5,150.0,0.0,25.0,1.85
"Red Rice Congee with Chicken, Kimchi, and Mushrooms",https://www.bonappetit.com/recipe/red-rice-congee-with-chicken-kimchi-and-mushrooms,0,2 tablespoons vegetable oil,258.59999999999997,30.0,24.45,,0.0,0.0,0.0,0.0,0.0,0.0,0.0,0.0,0.0,0.0
"Red Rice Congee with Chicken, Kimchi, and Mushrooms",https://www.bonappetit.com/recipe/red-rice-congee-with-chicken-kimchi-and-mushrooms,0,"8 ounces oyster mushrooms and/or beech mushrooms, trimmed at base into small clusters",73.92,0.9184,0.13888,0.0,0.0,40.32000000000001,13.6416,5.152,2.4864000000000006,7.4144000000000005,107.52000000000001,0.0,6.720000000000001,2.9792000000000005
"Red Rice Congee with Chicken, Kimchi, and Mushrooms",https://www.bonappetit.com/recipe/red-rice-congee-with-chicken-kimchi-and-mushrooms,0,"1 garlic clove, finely chopped",149.0,0.5,0.089,0.0,0.0,17.0,33.06,2.1,1.0,6.36,9.0,31.2,181.0,1.7
"Red Rice Congee with Chicken, Kimchi, and Mushrooms",https://www.bonappetit.com/recipe/red-rice-congee-with-chicken-kimchi-and-mushrooms,0,"1 tablespoon grated peeled ginger, divided",12.0,0.11249999999999999,0.03045,0.0,0.0,1.95,2.6654999999999998,0.3,0.255,0.273,0.0,0.75,2.4,0.09
"Red Rice Congee with Chicken, Kimchi, and Mushrooms",https://www.bonappetit.com/recipe/red-rice-congee-with-chicken-kimchi-and-mushrooms,0,½ cup kimchi,18.75,0.625,0.08375,,0.0,622.5,3.0,2.0,1.3250000000000002,1.375,116.25,0.0,41.25,3.125
"Red Rice Congee with Chicken, Kimchi, and Mushrooms",https://www.bonappetit.com/recipe/red-rice-congee-with-chicken-kimchi-and-mushrooms,0,"¼ cup scallion greens, thinly sliced, from 3 scallions",48.125,0.25,0.04125,0.0,0.0,67.5,8.5125,2.8125,3.125,3.2624999999999997,1286.25,11.25,13.75,0.95625
"Red Rice Congee with Chicken, Kimchi, and Mushrooms",https://www.bonappetit.com/recipe/red-rice-congee-with-chicken-kimchi-and-mushrooms,0,"Furikake (click here for recipe), Korean hot pepper paste (gochujang), and/or soy sauce (for serving)",11.0,0.37,0.052,,0.0,2643.0,1.75,0.3,1.26,0.51,162.0,74.8,8.0,0.48
"Red Rice Congee with Chicken, Kimchi, and Mushrooms",https://www.bonappetit.com/recipe/red-rice-congee-with-chicken-kimchi-and-mushrooms,0,Korean hot pepper paste (a mixture of miso and hot chiles) is available at Korean markets and koamart.com.,121.0,0.38,0.083,0.0,0.0,5.0,23.25,6.7,,6.76,3.0,0.0,43.0,1.11
"Red Rice Salad with Pecans, Fennel, and Herbs",https://www.bonappetit.com/recipe/red-rice-salad-with-pecans-fennel-and-herbs,0,1 cup red rice,902.5,4.1499999999999995,0.61,,0.0,5.0,181.325,6.0,0.775,29.950000000000003,5.0,0.0,37.5,2.25
"Red Rice Salad with Pecans, Fennel, and Herbs",https://www.bonappetit.com/recipe/red-rice-salad-with-pecans-fennel-and-herbs,0,"1 small fennel bulb, very thinly sliced",31.0,0.2,0.09,0.0,0.0,52.0,7.3,3.1,3.93,1.24,963.0,12.0,49.0,0.73
"Red Rice Salad with Pecans, Fennel, and Herbs",https://www.bonappetit.com/recipe/red-rice-salad-with-pecans-fennel-and-herbs,0,"¼ medium red onion, thinly sliced",6.75,0.1175,0.02175,0.0,0.0,3.75,1.435,0.45,0.9775,0.2425,1000.0,3.35,13.0,0.1275
"Red Rice Salad with Pecans, Fennel, and Herbs",https://www.bonappetit.com/recipe/red-rice-salad-with-pecans-fennel-and-herbs,0,"3 tablespoons fresh lime juice, divided",11.25,0.03150000000000001,0.0036000000000000003,0.0,0.0,0.9,3.789,0.18000000000000002,0.7605,0.189,22.5,13.5,6.3,0.0405
"Red Rice Salad with Pecans, Fennel, and Herbs",https://www.bonappetit.com/recipe/red-rice-salad-with-pecans-fennel-and-herbs,0,"⅔ cup pecans, divided",1151.6666666666665,119.94999999999999,10.299999999999999,,0.0,0.0,23.099999999999998,15.999999999999998,6.616666666666666,15.283333333333331,93.33333333333333,1.8333333333333333,116.66666666666666,4.216666666666666
"Red Rice Salad with Pecans, Fennel, and Herbs",https://www.bonappetit.com/recipe/red-rice-salad-with-pecans-fennel-and-herbs,0,¼ cup olive oil,552.5,62.5,8.979375000000001,,0.0,0.0,0.0,0.0,0.0,0.0,0.0,0.0,0.0,0.08125
"Red Rice Salad with Pecans, Fennel, and Herbs",https://www.bonappetit.com/recipe/red-rice-salad-with-pecans-fennel-and-herbs,0,½ cup cilantro leaves and finely chopped tender stems,28.75,0.65,0.0175,0.0,0.0,57.5,4.5875,3.5,1.0875,2.6624999999999996,8435.0,33.75,83.75,2.2125
"Red Rice Salad with Pecans, Fennel, and Herbs",https://www.bonappetit.com/recipe/red-rice-salad-with-pecans-fennel-and-herbs,0,Kosher salt and freshly ground black pepper,251.0,3.26,1.392,0.0,0.0,20.0,63.95,25.3,0.64,10.39,547.0,0.0,443.0,9.71
"Red Rice Salad with Pecans, Fennel, and Herbs",https://www.bonappetit.com/recipe/red-rice-salad-with-pecans-fennel-and-herbs,0,Toasted pistachio oil or almond oil (for serving; optional),884.0,100.0,8.2,,0.0,0.0,0.0,0.0,0.0,0.0,0.0,0.0,0.0,0.0
Red Ryder,https://www.bonappetit.com/recipe/red-ryder,0,1 750-ml bottle Campari,0.0,0.0,0.0,0.0,0.0,2.0,0.0,0.0,0.0,0.0,0.0,0.0,10.0,0.0
Red Ryder,https://www.bonappetit.com/recipe/red-ryder,0,1 750-ml bottle dark rum,286.0,0.0,0.0,,0.0,155.0,77.59,0.0,77.59,0.0,0.0,0.0,18.0,0.37
Red Ryder,https://www.bonappetit.com/recipe/red-ryder,0,1 750-ml bottle spiced rum,43.0,0.1,0.011,0.0,0.0,3.0,10.28,0.1,10.18,0.6,119.0,29.1,8.0,0.46
Red Ryder,https://www.bonappetit.com/recipe/red-ryder,0,3 cups chilled brewed rooibos tea,7.5,0.0,0.0,,0.0,22.5,1.125,0.0,0.0,0.0,0.0,0.0,7.5,0.0
Red Ryder,https://www.bonappetit.com/recipe/red-ryder,0,3 cups pomegranate juice,405.0,2.175,0.5775,0.0,0.0,67.5,98.47500000000001,0.75,94.875,1.125,0.0,0.75,82.5,0.75
Red Ryder,https://www.bonappetit.com/recipe/red-ryder,0,3 cups unsweetened cranberry juice,345.0,0.9750000000000001,0.075,0.0,0.0,15.0,91.5,0.75,90.75,2.9250000000000003,337.5,69.75,60.0,1.875
Red Ryder,https://www.bonappetit.com/recipe/red-ryder,0,1½ teaspoon Angostura or other bitters,2.55,0.01875,0.0028499999999999997,0.0,0.0,0.6,0.435,,,0.34875,416.925,2.775,15.6,0.357
Red Salad with Pickled Beet Vinaigrette,https://www.bonappetit.com/recipe/red-salad-with-pickled-beet-vinaigrette,0,"6 baby red beets, trimmed, scrubbed",132.0,0.78,0.12,0.0,0.0,1356.0,25.98,22.200000000000003,3.0,13.200000000000001,37956.0,180.0,702.0,15.419999999999998
Red Salad with Pickled Beet Vinaigrette,https://www.bonappetit.com/recipe/red-salad-with-pickled-beet-vinaigrette,0,2 whole star anise pods,674.0,31.8,1.172,,0.0,32.0,100.04,29.2,,35.2,622.0,42.0,1292.0,73.92
Red Salad with Pickled Beet Vinaigrette,https://www.bonappetit.com/recipe/red-salad-with-pickled-beet-vinaigrette,0,2 cups verjus,,,,,,,,,,,,,,
Red Salad with Pickled Beet Vinaigrette,https://www.bonappetit.com/recipe/red-salad-with-pickled-beet-vinaigrette,0,1 teaspoon kosher salt,0.0,0.0,0.0,0.0,0.0,1937.9,0.0,0.0,0.0,0.0,0.0,0.0,1.2000000000000002,0.0165
Red Salad with Pickled Beet Vinaigrette,https://www.bonappetit.com/recipe/red-salad-with-pickled-beet-vinaigrette,0,2 tablespoons raw pumpkin seeds (pepitas),26.7,0.159,0.026399999999999996,,0.0,0.3,5.184,,,1.2389999999999999,3.9,0.0,13.2,0.285
Red Salad with Pickled Beet Vinaigrette,https://www.bonappetit.com/recipe/red-salad-with-pickled-beet-vinaigrette,0,2 anchovy fillets packed in oil,420.0,19.42,4.406,,170.0,7336.0,0.0,0.0,0.0,57.78,80.0,0.0,464.0,9.26
Red Salad with Pickled Beet Vinaigrette,https://www.bonappetit.com/recipe/red-salad-with-pickled-beet-vinaigrette,0,"1 garlic clove, finely grated",149.0,0.5,0.089,0.0,0.0,17.0,33.06,2.1,1.0,6.36,9.0,31.2,181.0,1.7
Red Salad with Pickled Beet Vinaigrette,https://www.bonappetit.com/recipe/red-salad-with-pickled-beet-vinaigrette,0,⅓ cup grated Parmesan,349.99999999999994,23.2,12.809166666666666,0.73,71.66666666666666,1503.3333333333333,11.591666666666665,0.0,0.058333333333333334,23.683333333333334,811.6666666666666,0.0,710.8333333333333,0.40833333333333327
Red Salad with Pickled Beet Vinaigrette,https://www.bonappetit.com/recipe/red-salad-with-pickled-beet-vinaigrette,0,¼ cup basil leaves,14.375,0.4,0.025625000000000002,0.0,0.0,2.5,1.65625,1.0,0.1875,1.96875,3296.875,11.25,110.625,1.98125
Red Salad with Pickled Beet Vinaigrette,https://www.bonappetit.com/recipe/red-salad-with-pickled-beet-vinaigrette,0,¼ cup olive oil,552.5,62.5,8.979375000000001,,0.0,0.0,0.0,0.0,0.0,0.0,0.0,0.0,0.0,0.08125
Red Salad with Pickled Beet Vinaigrette,https://www.bonappetit.com/recipe/red-salad-with-pickled-beet-vinaigrette,0,2 tablespoons fresh lemon juice,6.6,0.072,0.012,0.0,0.0,0.3,2.07,0.09,0.756,0.105,1.7999999999999998,11.610000000000001,1.7999999999999998,0.024
Red Salad with Pickled Beet Vinaigrette,https://www.bonappetit.com/recipe/red-salad-with-pickled-beet-vinaigrette,0,Kosher salt and freshly ground black pepper,251.0,3.26,1.392,0.0,0.0,20.0,63.95,25.3,0.64,10.39,547.0,0.0,443.0,9.71
Red Salad with Pickled Beet Vinaigrette,https://www.bonappetit.com/recipe/red-salad-with-pickled-beet-vinaigrette,0,"Mixed red and purple raw fruits and vegetables (such as tomatoes, plums, berries, radishes, beets, rainbow carrots, and watermelon), halved, sliced, and/or cut into wedges",103.0,0.23,0.048,0.0,0.0,2.0,27.12,4.9,11.0,1.07,0.0,29.0,17.0,0.54
Red Salad with Pickled Beet Vinaigrette,https://www.bonappetit.com/recipe/red-salad-with-pickled-beet-vinaigrette,0,Verjus is a tart juice made from unripe grapes. You can find it at specialty foods stores and online.,43.0,0.1,0.01,,0.0,10.0,9.9,0.4,8.4,0.5,1880.0,34.1,16.0,0.2
